{
  "rmse": 215.36784369658307,
  "mae": 102.19246779661013,
  "r2": 0.9189109007784438
}